,PronosticosOilVol,PronosticosGasVol,PronosticosWaterVol,PronosticosWaterCut
2019-01-01,13.89160743248089,3660.648263616862,41.9505571718819,75.0137333233014
2019-01-02,13.807194908696266,3642.2629566791584,41.92230850386251,75.01910952354238
2019-01-03,13.72974659863638,3625.200036101338,41.90109663916475,75.03271901307338
2019-01-04,13.669218150832961,3611.747164970682,41.88795611409385,75.05515300341666
2019-01-05,13.619956725995568,3600.686035559231,41.87865018825353,75.07073567556327
2019-01-06,13.580209359936184,3591.6680375611586,41.87265058229387,75.07370301847124
2019-01-07,13.547243524944289,3584.100241594247,41.868520694228245,75.07388040898073
2019-01-08,13.51932911868625,3577.612687015602,41.8658053877754,75.07938287993774
2019-01-09,13.495050355709278,3571.898804539108,41.86396196138512,75.0866766642108
2019-01-10,13.473411120928688,3566.744483840428,41.86273823700445,75.08938647027274
2019-01-11,13.45367403359964,3561.991252228935,41.861913042257996,75.08823576033977
2019-01-12,13.435310074404828,3557.526088797582,41.86136266500456,75.08821681914533
2019-01-13,13.417935732743567,3553.2673862562797,41.860992752406105,75.09069576498749
2019-01-14,13.401274852142704,3549.1567138363826,41.86074546337325,75.09277930839107
2019-01-15,13.385128151944944,3545.1521246195703,41.86057952679253,75.09265580363322
2019-01-16,13.369352037586438,3541.223563656225,41.86046847179663,75.091833711363
2019-01-17,13.353842994365493,3537.349484550706,41.86039401020506,75.09214984456493
2019-01-18,13.338526424353406,3533.514447645262,41.86034414838159,75.09320535341466
2019-01-19,13.323348563690772,3529.707387941046,41.86031072929736,75.09361238749251
2019-01-20,13.308270666676101,3525.9203764204876,41.860288344778965,75.09321237576036
2019-01-21,13.293264810155394,3522.147731129159,41.860273344752024,75.09294463479684
2019-01-22,13.27831087085291,3518.385380464619,41.8602632962188,75.09324793856923
2019-01-23,13.263394346550008,3514.6304067644555,41.8602565632471,75.09362006945571
2019-01-24,13.248504785984853,3510.880719278357,41.860252052530754,75.09359302001796
2019-01-25,13.233634657278795,3507.134819806683,41.86024903028357,75.09336840201537
2019-01-26,13.2187785324602,3503.391634764026,41.86024700548206,75.09334602984391
2019-01-27,13.203932499771941,3499.650394836486,41.8602456488649,75.09352106921334
2019-01-28,13.189093740142312,3495.9105487463794,41.86024473996406,75.0936136850527
2019-01-29,13.174260221961166,3492.1717014571777,41.86024413100703,75.09353548365394
2019-01-30,13.159430481115473,3488.4335698922205,41.86024372301738,75.09345450481703
2019-01-31,13.144603462468256,3484.695951203441,41.8602434496687,75.0934898089005
2019-02-01,13.129778405617822,3480.958700033263,41.8602432665296,75.09356395588262
2019-02-02,13.114954762568274,3477.2217122208476,41.86024314382868,75.09356805822192
2019-02-03,13.10013213839742,3473.484913126256,41.86024306162095,75.09352044910023
2019-02-04,13.085310248498136,3469.748249263741,41.86024300654286,75.09350391906851
2019-02-05,13.070488887763647,3466.011682306299,41.86024296964135,75.09353346377164
2019-02-06,13.055667908380407,3462.2751847894324,41.86024294491784,75.09355616154332
2019-02-07,13.040847203824175,3458.5387370325357,41.86024292835345,75.09354392835047
2019-02-08,13.026026697326511,3454.8023249328116,41.86024291725554,75.09352459449721
2019-02-09,13.01120633356299,3451.065938384429,41.8602429098201,75.09352721943627
2019-02-10,12.996386072663158,3447.3295701457155,41.86024290483846,75.0935420302944
2019-02-11,12.981565885893724,3443.593215027409,41.860242901500825,75.09354540986698
2019-02-12,12.966745752547572,3439.8568693109687,41.86024289926466,75.09353635105916
2019-02-13,12.95192565770178,3436.120530331751,41.86024289776646,75.09353110471262
2019-02-14,12.937105590601902,3432.384196180316,41.86024289676269,75.09353581890659
2019-02-15,12.92228554349757,3428.64786548839,41.86024289609018,75.09354115643282
2019-02-16,12.907465510803354,3424.911537275491,41.8602428956396,75.09353969291607
2019-02-17,12.892645488494022,3421.175210839022,41.86024289533772,75.0935355046819
2019-02-18,12.877825473668729,3417.438885675513,41.860242895135464,75.0935351659493
2019-02-19,12.86300546423693,3413.702561424187,41.860242894999956,75.0935380158242
2019-02-20,12.84818545869204,3409.9662378265157,41.86024289490917,75.09353922365382
2019-02-21,12.833365455948314,3406.2299146972423,41.86024289484834,75.09353764129762
2019-02-22,12.818545455223294,3402.4935919036157,41.86024289480759,75.09353627546633
2019-02-23,12.803725455953087,3398.7572693505076,41.860242894780285,75.09353693681217
2019-02-24,12.788905457731314,3395.020946969751,41.86024289476199,75.09353812141109
2019-02-25,12.774085460265113,3391.2846247124994,41.86024289474973,75.09353805717747
2019-02-26,12.759265463343427,3387.548302543749,41.86024289474152,75.09353720767994
2019-02-27,12.744445466814154,3383.811980438417,41.86024289473602,75.09353697123979
2019-02-28,12.729625470567681,3380.075658378529,41.86024289473233,75.09353748988839
2019-03-01,12.714805474525011,3376.3393363512064,41.86024289472986,75.09353783021868
2019-03-02,12.699985478629216,3372.6030143472194,41.8602428947282,75.09353758093704
2019-03-03,12.685165482839269,3368.866692359954,41.860242894727094,75.09353725958668
2019-03-04,12.670345487125601,3365.130370384671,41.86024289472635,75.093537327635
2019-03-05,12.655525491466907,3361.394048417975,41.86024289472585,75.09353757617548
2019-03-06,12.64070549584783,3357.6577264574316,41.860242894725516,75.09353761172184
2019-03-07,12.625885500257304,3353.9214045012973,41.860242894725296,75.09353744943161
2019-03-08,12.611065504687353,3350.1850825483225,41.86024289472515,75.09353737043739
2019-03-09,12.596245509132231,3346.448760597612,41.86024289472505,75.0935374580186
2019-03-10,12.581425513587796,3342.7124386485234,41.86024289472498,75.09353754277156
2019-03-11,12.56660551805106,3338.9761167005977,41.86024289472494,75.0935375096971
2019-03-12,12.551785522519875,3335.239794753505,41.86024289472491,75.09353743923617
2019-03-13,12.53696552699269,3331.5034728070095,41.86024289472489,75.09353743893854
2019-03-14,12.522145531468388,3327.7671508609415,41.86024289472488,75.09353748829578
2019-03-15,12.507325535946162,3324.03082891518,41.86024289472487,75.09353750500833
2019-03-16,12.492505540425434,3320.294506969638,41.86024289472486,75.09353747597713
2019-03-17,12.477685544905784,3316.558185024254,41.860242894724855,75.09353745456579
2019-03-18,12.462865549386912,3312.8218630789825,41.860242894724855,75.09353746778861
2019-03-19,12.4480455538686,3309.0855411337916,41.860242894724855,75.09353748723174
2019-03-20,12.433225558350692,3305.349219188659,41.860242894724855,75.09353748445338
2019-03-21,12.418405562833074,3301.6128972435677,41.860242894724855,75.09353746988799
2019-03-22,12.403585567315666,3297.876575298506,41.860242894724855,75.09353746697447
2019-03-23,12.38876557179841,3294.1402533534656,41.860242894724855,75.09353747622137
2019-03-24,12.373945576281264,3290.4039314084407,41.860242894724855,75.09353748135509
2019-03-25,12.359125580764195,3286.6676094634267,41.860242894724855,75.09353747658348
2019-03-26,12.344305585247183,3282.9312875184205,41.860242894724855,75.09353747138883
2019-03-27,12.329485589730211,3279.19496557342,41.860242894724855,75.09353747300182
2019-03-28,12.314665594213269,3275.4586436284235,41.860242894724855,75.09353747718525
2019-03-29,12.299845598696347,3271.72232168343,41.860242894724855,75.0935374774512
2019-03-30,12.285025603179442,3267.9859997384383,41.860242894724855,75.09353747460533
2019-03-31,12.270205607662547,3264.2496777934484,41.860242894724855,75.09353747346836
2019-04-01,12.25538561214566,3260.5133558484595,41.860242894724855,75.09353747508524
2019-04-02,12.24056561662878,3256.7770339034714,41.860242894724855,75.09353747642302
2019-04-03,12.225745621111903,3253.040711958484,41.860242894724855,75.09353747573557
2019-04-04,12.21092562559503,3249.3043900134967,41.860242894724855,75.09353747456748
2019-04-05,12.196105630078158,3245.5680680685095,41.860242894724855,75.09353747465966
2019-04-06,12.181285634561288,3241.831746123523,41.860242894724855,75.09353747550993
2019-04-07,12.166465639044418,3238.095424178536,41.860242894724855,75.09353747572929
2019-04-08,12.15164564352755,3234.3591022335495,41.860242894724855,75.09353747520605
2019-04-09,12.136825648010682,3230.622780288563,41.860242894724855,75.09353747487741
2019-04-10,12.122005652493813,3226.886458343576,41.860242894724855,75.09353747513472
2019-04-11,12.107185656976947,3223.15013639859,41.860242894724855,75.09353747545124
2019-04-12,12.09236566146008,3219.4138144536037,41.860242894724855,75.09353747537644
2019-04-13,12.077545665943214,3215.6774925086174,41.860242894724855,75.09353747512941
2019-04-14,12.062725670426348,3211.941170563631,41.860242894724855,75.09353747509938
2019-04-15,12.047905674909481,3208.204848618645,41.860242894724855,75.09353747526266
2019-04-16,12.033085679392615,3204.4685266736587,41.860242894724855,75.09353747533827
2019-04-17,12.018265683875748,3200.7322047286725,41.860242894724855,75.09353747524897
2019-04-18,12.003445688358882,3196.9958827836863,41.860242894724855,75.0935374751661
2019-04-19,11.988625692842016,3193.2595608387,41.860242894724855,75.09353747520107
2019-04-20,11.97380569732515,3189.523238893714,41.860242894724855,75.09353747527089
2019-04-21,11.958985701808283,3185.7869169487276,41.860242894724855,75.09353747526968
2019-04-22,11.944165706291416,3182.0505950037414,41.860242894724855,75.0935374752203
2019-04-23,11.92934571077455,3178.314273058755,41.860242894724855,75.09353747520466
2019-04-24,11.914525715257684,3174.577951113769,41.860242894724855,75.09353747523407
2019-04-25,11.899705719740817,3170.8416291687827,41.860242894724855,75.09353747525488
2019-04-26,11.88488572422395,3167.1053072237964,41.860242894724855,75.09353747524118
2019-04-27,11.870065728707084,3163.36898527881,41.860242894724855,75.093537475222
2019-04-28,11.855245733190218,3159.632663333824,41.860242894724855,75.0935374752252
2019-04-29,11.840425737673351,3155.8963413888378,41.860242894724855,75.09353747523973
2019-04-30,11.825605742156485,3152.1600194438515,41.860242894724855,75.09353747524233
2019-05-01,11.810785746639619,3148.4236974988653,41.860242894724855,75.093537475233
2019-05-02,11.795965751122752,3144.687375553879,41.860242894724855,75.09353747522808
2019-05-03,11.781145755605886,3140.951053608893,41.860242894724855,75.09353747523296
2019-05-04,11.76632576008902,3137.2147316639066,41.860242894724855,75.09353747523807
2019-05-05,11.751505764572153,3133.4784097189204,41.860242894724855,75.09353747523635
2019-05-06,11.736685769055287,3129.742087773934,41.860242894724855,75.0935374752322
2019-05-07,11.72186577353842,3126.005765828948,41.860242894724855,75.09353747523203
2019-05-08,11.707045778021554,3122.2694438839617,41.860242894724855,75.09353747523488
2019-05-09,11.692225782504687,3118.5331219389755,41.860242894724855,75.09353747523596
2019-05-10,11.677405786987821,3114.796799993989,41.860242894724855,75.09353747523431
2019-05-11,11.662585791470955,3111.060478049003,41.860242894724855,75.093537475233
2019-05-12,11.647765795954088,3107.3241561040168,41.860242894724855,75.09353747523372
2019-05-13,11.632945800437222,3103.5878341590305,41.860242894724855,75.09353747523487
2019-05-14,11.618125804920355,3099.8515122140443,41.860242894724855,75.09353747523475
2019-05-15,11.603305809403489,3096.115190269058,41.860242894724855,75.0935374752339
2019-05-16,11.588485813886622,3092.378868324072,41.860242894724855,75.0935374752337
2019-05-17,11.573665818369756,3088.6425463790856,41.860242894724855,75.09353747523423
2019-05-18,11.55884582285289,3084.9062244340994,41.860242894724855,75.09353747523454
2019-05-19,11.544025827336023,3081.169902489113,41.860242894724855,75.09353747523427
2019-05-20,11.529205831819157,3077.433580544127,41.860242894724855,75.09353747523396
2019-05-21,11.51438583630229,3073.6972585991407,41.860242894724855,75.09353747523404
2019-05-22,11.499565840785424,3069.9609366541545,41.860242894724855,75.09353747523429
2019-05-23,11.484745845268558,3066.2246147091682,41.860242894724855,75.09353747523431
2019-05-24,11.469925849751691,3062.488292764182,41.860242894724855,75.09353747523414
2019-05-25,11.455105854234825,3058.751970819196,41.860242894724855,75.09353747523407
2019-05-26,11.440285858717958,3055.0156488742095,41.860242894724855,75.09353747523416
2019-05-27,11.425465863201092,3051.2793269292233,41.860242894724855,75.09353747523424
2019-05-28,11.410645867684226,3047.543004984237,41.860242894724855,75.0935374752342
2019-05-29,11.395825872167359,3043.806683039251,41.860242894724855,75.09353747523413
2019-05-30,11.381005876650493,3040.0703610942646,41.860242894724855,75.09353747523413
2019-05-31,11.366185881133626,3036.3340391492784,41.860242894724855,75.09353747523417
2019-06-01,11.35136588561676,3032.597717204292,41.860242894724855,75.09353747523419
2019-06-02,11.336545890099893,3028.861395259306,41.860242894724855,75.09353747523416
2019-06-03,11.321725894583027,3025.1250733143197,41.860242894724855,75.09353747523414
2019-06-04,11.30690589906616,3021.3887513693335,41.860242894724855,75.09353747523416
2019-06-05,11.292085903549294,3017.6524294243472,41.860242894724855,75.09353747523417
2019-06-06,11.277265908032428,3013.916107479361,41.860242894724855,75.09353747523417
2019-06-07,11.262445912515561,3010.179785534375,41.860242894724855,75.09353747523416
2019-06-08,11.247625916998695,3006.4434635893886,41.860242894724855,75.09353747523416
2019-06-09,11.232805921481829,3002.7071416444023,41.860242894724855,75.09353747523417
2019-06-10,11.217985925964962,2998.970819699416,41.860242894724855,75.09353747523417
2019-06-11,11.203165930448096,2995.23449775443,41.860242894724855,75.09353747523417
2019-06-12,11.18834593493123,2991.4981758094436,41.860242894724855,75.09353747523417
2019-06-13,11.173525939414363,2987.7618538644574,41.860242894724855,75.09353747523417
2019-06-14,11.158705943897496,2984.025531919471,41.860242894724855,75.09353747523417
2019-06-15,11.14388594838063,2980.289209974485,41.860242894724855,75.09353747523417
2019-06-16,11.129065952863764,2976.5528880294987,41.860242894724855,75.09353747523417
2019-06-17,11.114245957346897,2972.8165660845125,41.860242894724855,75.09353747523417
2019-06-18,11.09942596183003,2969.0802441395263,41.860242894724855,75.09353747523417
2019-06-19,11.084605966313164,2965.34392219454,41.860242894724855,75.09353747523417
2019-06-20,11.069785970796298,2961.607600249554,41.860242894724855,75.09353747523417
2019-06-21,11.054965975279432,2957.8712783045676,41.860242894724855,75.09353747523417
2019-06-22,11.040145979762565,2954.1349563595813,41.860242894724855,75.09353747523417
2019-06-23,11.025325984245699,2950.398634414595,41.860242894724855,75.09353747523417
2019-06-24,11.010505988728832,2946.662312469609,41.860242894724855,75.09353747523417
2019-06-25,10.995685993211966,2942.9259905246226,41.860242894724855,75.09353747523417
2019-06-26,10.9808659976951,2939.1896685796364,41.860242894724855,75.09353747523417
2019-06-27,10.966046002178233,2935.45334663465,41.860242894724855,75.09353747523417
2019-06-28,10.951226006661367,2931.717024689664,41.860242894724855,75.09353747523417
2019-06-29,10.9364060111445,2927.9807027446777,41.860242894724855,75.09353747523417
2019-06-30,10.921586015627634,2924.2443807996915,41.860242894724855,75.09353747523417
2019-07-01,10.906766020110767,2920.5080588547053,41.860242894724855,75.09353747523417
2019-07-02,10.891946024593901,2916.771736909719,41.860242894724855,75.09353747523417
2019-07-03,10.877126029077035,2913.035414964733,41.860242894724855,75.09353747523417
2019-07-04,10.862306033560168,2909.2990930197466,41.860242894724855,75.09353747523417
2019-07-05,10.847486038043302,2905.5627710747603,41.860242894724855,75.09353747523417
2019-07-06,10.832666042526435,2901.826449129774,41.860242894724855,75.09353747523417
2019-07-07,10.817846047009569,2898.090127184788,41.860242894724855,75.09353747523417
2019-07-08,10.803026051492703,2894.3538052398017,41.860242894724855,75.09353747523417
2019-07-09,10.788206055975836,2890.6174832948154,41.860242894724855,75.09353747523417
2019-07-10,10.77338606045897,2886.881161349829,41.860242894724855,75.09353747523417
2019-07-11,10.758566064942103,2883.144839404843,41.860242894724855,75.09353747523417
2019-07-12,10.743746069425237,2879.4085174598567,41.860242894724855,75.09353747523417
2019-07-13,10.72892607390837,2875.6721955148705,41.860242894724855,75.09353747523417
2019-07-14,10.714106078391504,2871.9358735698843,41.860242894724855,75.09353747523417
2019-07-15,10.699286082874638,2868.199551624898,41.860242894724855,75.09353747523417
2019-07-16,10.684466087357771,2864.463229679912,41.860242894724855,75.09353747523417
2019-07-17,10.669646091840905,2860.7269077349256,41.860242894724855,75.09353747523417
2019-07-18,10.654826096324038,2856.9905857899394,41.860242894724855,75.09353747523417
2019-07-19,10.640006100807172,2853.254263844953,41.860242894724855,75.09353747523417
2019-07-20,10.625186105290306,2849.517941899967,41.860242894724855,75.09353747523417
2019-07-21,10.61036610977344,2845.7816199549807,41.860242894724855,75.09353747523417
2019-07-22,10.595546114256573,2842.0452980099944,41.860242894724855,75.09353747523417
2019-07-23,10.580726118739706,2838.308976065008,41.860242894724855,75.09353747523417
2019-07-24,10.56590612322284,2834.572654120022,41.860242894724855,75.09353747523417
2019-07-25,10.551086127705974,2830.8363321750357,41.860242894724855,75.09353747523417
2019-07-26,10.536266132189107,2827.1000102300495,41.860242894724855,75.09353747523417
2019-07-27,10.52144613667224,2823.3636882850633,41.860242894724855,75.09353747523417
2019-07-28,10.506626141155374,2819.627366340077,41.860242894724855,75.09353747523417
2019-07-29,10.491806145638508,2815.891044395091,41.860242894724855,75.09353747523417
2019-07-30,10.476986150121641,2812.1547224501046,41.860242894724855,75.09353747523417
2019-07-31,10.462166154604775,2808.4184005051184,41.860242894724855,75.09353747523417
2019-08-01,10.447346159087909,2804.682078560132,41.860242894724855,75.09353747523417
2019-08-02,10.432526163571042,2800.945756615146,41.860242894724855,75.09353747523417
2019-08-03,10.417706168054176,2797.2094346701597,41.860242894724855,75.09353747523417
2019-08-04,10.40288617253731,2793.4731127251735,41.860242894724855,75.09353747523417
2019-08-05,10.388066177020443,2789.736790780187,41.860242894724855,75.09353747523417
2019-08-06,10.373246181503577,2786.000468835201,41.860242894724855,75.09353747523417
2019-08-07,10.35842618598671,2782.2641468902148,41.860242894724855,75.09353747523417
2019-08-08,10.343606190469844,2778.5278249452285,41.860242894724855,75.09353747523417
2019-08-09,10.328786194952977,2774.7915030002423,41.860242894724855,75.09353747523417
2019-08-10,10.313966199436111,2771.055181055256,41.860242894724855,75.09353747523417
2019-08-11,10.299146203919245,2767.31885911027,41.860242894724855,75.09353747523417
2019-08-12,10.284326208402378,2763.5825371652836,41.860242894724855,75.09353747523417
2019-08-13,10.269506212885512,2759.8462152202974,41.860242894724855,75.09353747523417
2019-08-14,10.254686217368645,2756.109893275311,41.860242894724855,75.09353747523417
2019-08-15,10.239866221851779,2752.373571330325,41.860242894724855,75.09353747523417
2019-08-16,10.225046226334912,2748.6372493853387,41.860242894724855,75.09353747523417
2019-08-17,10.210226230818046,2744.9009274403525,41.860242894724855,75.09353747523417
2019-08-18,10.19540623530118,2741.1646054953662,41.860242894724855,75.09353747523417
2019-08-19,10.180586239784313,2737.42828355038,41.860242894724855,75.09353747523417
2019-08-20,10.165766244267447,2733.6919616053938,41.860242894724855,75.09353747523417
2019-08-21,10.15094624875058,2729.9556396604075,41.860242894724855,75.09353747523417
2019-08-22,10.136126253233714,2726.2193177154213,41.860242894724855,75.09353747523417
2019-08-23,10.121306257716848,2722.482995770435,41.860242894724855,75.09353747523417
2019-08-24,10.106486262199981,2718.746673825449,41.860242894724855,75.09353747523417
2019-08-25,10.091666266683115,2715.0103518804626,41.860242894724855,75.09353747523417
2019-08-26,10.076846271166248,2711.2740299354764,41.860242894724855,75.09353747523417
2019-08-27,10.062026275649382,2707.53770799049,41.860242894724855,75.09353747523417
2019-08-28,10.047206280132515,2703.801386045504,41.860242894724855,75.09353747523417
2019-08-29,10.032386284615649,2700.0650641005177,41.860242894724855,75.09353747523417
2019-08-30,10.017566289098783,2696.3287421555315,41.860242894724855,75.09353747523417
2019-08-31,10.002746293581916,2692.5924202105452,41.860242894724855,75.09353747523417
2019-09-01,9.98792629806505,2688.856098265559,41.860242894724855,75.09353747523417
2019-09-02,9.973106302548183,2685.119776320573,41.860242894724855,75.09353747523417
2019-09-03,9.958286307031317,2681.3834543755866,41.860242894724855,75.09353747523417
2019-09-04,9.94346631151445,2677.6471324306003,41.860242894724855,75.09353747523417
2019-09-05,9.928646315997584,2673.910810485614,41.860242894724855,75.09353747523417
2019-09-06,9.913826320480718,2670.174488540628,41.860242894724855,75.09353747523417
2019-09-07,9.899006324963851,2666.4381665956416,41.860242894724855,75.09353747523417
2019-09-08,9.884186329446985,2662.7018446506554,41.860242894724855,75.09353747523417
2019-09-09,9.869366333930119,2658.965522705669,41.860242894724855,75.09353747523417
2019-09-10,9.854546338413252,2655.229200760683,41.860242894724855,75.09353747523417
2019-09-11,9.839726342896386,2651.4928788156967,41.860242894724855,75.09353747523417
2019-09-12,9.82490634737952,2647.7565568707105,41.860242894724855,75.09353747523417
2019-09-13,9.810086351862653,2644.0202349257243,41.860242894724855,75.09353747523417
2019-09-14,9.795266356345786,2640.283912980738,41.860242894724855,75.09353747523417
2019-09-15,9.78044636082892,2636.547591035752,41.860242894724855,75.09353747523417
2019-09-16,9.765626365312054,2632.8112690907656,41.860242894724855,75.09353747523417
2019-09-17,9.750806369795187,2629.0749471457793,41.860242894724855,75.09353747523417
2019-09-18,9.73598637427832,2625.338625200793,41.860242894724855,75.09353747523417
2019-09-19,9.721166378761454,2621.602303255807,41.860242894724855,75.09353747523417
2019-09-20,9.706346383244588,2617.8659813108206,41.860242894724855,75.09353747523417
2019-09-21,9.691526387727722,2614.1296593658344,41.860242894724855,75.09353747523417
2019-09-22,9.676706392210855,2610.393337420848,41.860242894724855,75.09353747523417
2019-09-23,9.661886396693989,2606.657015475862,41.860242894724855,75.09353747523417
2019-09-24,9.647066401177122,2602.9206935308757,41.860242894724855,75.09353747523417
2019-09-25,9.632246405660256,2599.1843715858895,41.860242894724855,75.09353747523417
2019-09-26,9.61742641014339,2595.4480496409033,41.860242894724855,75.09353747523417
2019-09-27,9.602606414626523,2591.711727695917,41.860242894724855,75.09353747523417
2019-09-28,9.587786419109657,2587.975405750931,41.860242894724855,75.09353747523417
2019-09-29,9.57296642359279,2584.2390838059446,41.860242894724855,75.09353747523417
2019-09-30,9.558146428075924,2580.5027618609583,41.860242894724855,75.09353747523417
2019-10-01,9.543326432559057,2576.766439915972,41.860242894724855,75.09353747523417
2019-10-02,9.528506437042191,2573.030117970986,41.860242894724855,75.09353747523417
2019-10-03,9.513686441525325,2569.2937960259997,41.860242894724855,75.09353747523417
2019-10-04,9.498866446008458,2565.5574740810134,41.860242894724855,75.09353747523417
2019-10-05,9.484046450491592,2561.821152136027,41.860242894724855,75.09353747523417
2019-10-06,9.469226454974725,2558.084830191041,41.860242894724855,75.09353747523417
2019-10-07,9.454406459457859,2554.3485082460547,41.860242894724855,75.09353747523417
2019-10-08,9.439586463940993,2550.6121863010685,41.860242894724855,75.09353747523417
2019-10-09,9.424766468424126,2546.8758643560823,41.860242894724855,75.09353747523417
2019-10-10,9.40994647290726,2543.139542411096,41.860242894724855,75.09353747523417
2019-10-11,9.395126477390393,2539.40322046611,41.860242894724855,75.09353747523417
2019-10-12,9.380306481873527,2535.6668985211236,41.860242894724855,75.09353747523417
2019-10-13,9.36548648635666,2531.9305765761374,41.860242894724855,75.09353747523417
2019-10-14,9.350666490839794,2528.194254631151,41.860242894724855,75.09353747523417
2019-10-15,9.335846495322928,2524.457932686165,41.860242894724855,75.09353747523417
2019-10-16,9.321026499806061,2520.7216107411787,41.860242894724855,75.09353747523417
2019-10-17,9.306206504289195,2516.9852887961924,41.860242894724855,75.09353747523417
2019-10-18,9.291386508772328,2513.248966851206,41.860242894724855,75.09353747523417
2019-10-19,9.276566513255462,2509.51264490622,41.860242894724855,75.09353747523417
2019-10-20,9.261746517738596,2505.7763229612337,41.860242894724855,75.09353747523417
2019-10-21,9.24692652222173,2502.0400010162475,41.860242894724855,75.09353747523417
2019-10-22,9.232106526704863,2498.3036790712613,41.860242894724855,75.09353747523417
2019-10-23,9.217286531187996,2494.567357126275,41.860242894724855,75.09353747523417
2019-10-24,9.20246653567113,2490.831035181289,41.860242894724855,75.09353747523417
2019-10-25,9.187646540154264,2487.0947132363026,41.860242894724855,75.09353747523417
2019-10-26,9.172826544637397,2483.3583912913164,41.860242894724855,75.09353747523417
2019-10-27,9.15800654912053,2479.62206934633,41.860242894724855,75.09353747523417
2019-10-28,9.143186553603664,2475.885747401344,41.860242894724855,75.09353747523417
2019-10-29,9.128366558086798,2472.1494254563577,41.860242894724855,75.09353747523417
2019-10-30,9.113546562569931,2468.4131035113714,41.860242894724855,75.09353747523417
2019-10-31,9.098726567053065,2464.676781566385,41.860242894724855,75.09353747523417
2019-11-01,9.083906571536199,2460.940459621399,41.860242894724855,75.09353747523417
2019-11-02,9.069086576019332,2457.2041376764128,41.860242894724855,75.09353747523417
2019-11-03,9.054266580502466,2453.4678157314265,41.860242894724855,75.09353747523417
2019-11-04,9.0394465849856,2449.7314937864403,41.860242894724855,75.09353747523417
2019-11-05,9.024626589468733,2445.995171841454,41.860242894724855,75.09353747523417
2019-11-06,9.009806593951867,2442.258849896468,41.860242894724855,75.09353747523417
2019-11-07,8.994986598435,2438.5225279514816,41.860242894724855,75.09353747523417
2019-11-08,8.980166602918134,2434.7862060064954,41.860242894724855,75.09353747523417
2019-11-09,8.965346607401267,2431.049884061509,41.860242894724855,75.09353747523417
2019-11-10,8.950526611884401,2427.313562116523,41.860242894724855,75.09353747523417
2019-11-11,8.935706616367534,2423.5772401715367,41.860242894724855,75.09353747523417
2019-11-12,8.920886620850668,2419.8409182265505,41.860242894724855,75.09353747523417
2019-11-13,8.906066625333802,2416.104596281564,41.860242894724855,75.09353747523417
2019-11-14,8.891246629816935,2412.368274336578,41.860242894724855,75.09353747523417
2019-11-15,8.876426634300069,2408.6319523915918,41.860242894724855,75.09353747523417
2019-11-16,8.861606638783202,2404.8956304466055,41.860242894724855,75.09353747523417
2019-11-17,8.846786643266336,2401.1593085016193,41.860242894724855,75.09353747523417
2019-11-18,8.83196664774947,2397.422986556633,41.860242894724855,75.09353747523417
2019-11-19,8.817146652232603,2393.686664611647,41.860242894724855,75.09353747523417
2019-11-20,8.802326656715737,2389.9503426666606,41.860242894724855,75.09353747523417
2019-11-21,8.78750666119887,2386.2140207216744,41.860242894724855,75.09353747523417
2019-11-22,8.772686665682004,2382.477698776688,41.860242894724855,75.09353747523417
2019-11-23,8.757866670165138,2378.741376831702,41.860242894724855,75.09353747523417
2019-11-24,8.743046674648271,2375.0050548867157,41.860242894724855,75.09353747523417
2019-11-25,8.728226679131405,2371.2687329417295,41.860242894724855,75.09353747523417
2019-11-26,8.713406683614538,2367.5324109967432,41.860242894724855,75.09353747523417
2019-11-27,8.698586688097672,2363.796089051757,41.860242894724855,75.09353747523417
2019-11-28,8.683766692580805,2360.059767106771,41.860242894724855,75.09353747523417
2019-11-29,8.668946697063939,2356.3234451617845,41.860242894724855,75.09353747523417
2019-11-30,8.654126701547073,2352.5871232167983,41.860242894724855,75.09353747523417
2019-12-01,8.639306706030206,2348.850801271812,41.860242894724855,75.09353747523417
2019-12-02,8.62448671051334,2345.114479326826,41.860242894724855,75.09353747523417
2019-12-03,8.609666714996473,2341.3781573818396,41.860242894724855,75.09353747523417
2019-12-04,8.594846719479607,2337.6418354368534,41.860242894724855,75.09353747523417
2019-12-05,8.58002672396274,2333.905513491867,41.860242894724855,75.09353747523417
2019-12-06,8.565206728445874,2330.169191546881,41.860242894724855,75.09353747523417
2019-12-07,8.550386732929008,2326.4328696018947,41.860242894724855,75.09353747523417
2019-12-08,8.535566737412141,2322.6965476569085,41.860242894724855,75.09353747523417
2019-12-09,8.520746741895275,2318.9602257119222,41.860242894724855,75.09353747523417
2019-12-10,8.505926746378409,2315.223903766936,41.860242894724855,75.09353747523417
2019-12-11,8.491106750861542,2311.48758182195,41.860242894724855,75.09353747523417
2019-12-12,8.476286755344676,2307.7512598769636,41.860242894724855,75.09353747523417
2019-12-13,8.46146675982781,2304.0149379319773,41.860242894724855,75.09353747523417
2019-12-14,8.446646764310943,2300.278615986991,41.860242894724855,75.09353747523417
2019-12-15,8.431826768794076,2296.542294042005,41.860242894724855,75.09353747523417
2019-12-16,8.41700677327721,2292.8059720970186,41.860242894724855,75.09353747523417
2019-12-17,8.402186777760344,2289.0696501520324,41.860242894724855,75.09353747523417
2019-12-18,8.387366782243477,2285.333328207046,41.860242894724855,75.09353747523417
2019-12-19,8.37254678672661,2281.59700626206,41.860242894724855,75.09353747523417
2019-12-20,8.357726791209744,2277.8606843170737,41.860242894724855,75.09353747523417
2019-12-21,8.342906795692878,2274.1243623720875,41.860242894724855,75.09353747523417
2019-12-22,8.328086800176012,2270.3880404271013,41.860242894724855,75.09353747523417
2019-12-23,8.313266804659145,2266.651718482115,41.860242894724855,75.09353747523417
2019-12-24,8.298446809142279,2262.915396537129,41.860242894724855,75.09353747523417
2019-12-25,8.283626813625412,2259.1790745921426,41.860242894724855,75.09353747523417
2019-12-26,8.268806818108546,2255.4427526471563,41.860242894724855,75.09353747523417
2019-12-27,8.25398682259168,2251.70643070217,41.860242894724855,75.09353747523417
2019-12-28,8.239166827074813,2247.970108757184,41.860242894724855,75.09353747523417
2019-12-29,8.224346831557947,2244.2337868121976,41.860242894724855,75.09353747523417
2019-12-30,8.20952683604108,2240.4974648672114,41.860242894724855,75.09353747523417
2019-12-31,8.194706840524214,2236.761142922225,41.860242894724855,75.09353747523417
2020-01-01,8.179886845007347,2233.024820977239,41.860242894724855,75.09353747523417
2020-01-02,8.165066849490481,2229.2884990322527,41.860242894724855,75.09353747523417
2020-01-03,8.150246853973615,2225.5521770872665,41.860242894724855,75.09353747523417
2020-01-04,8.135426858456748,2221.8158551422803,41.860242894724855,75.09353747523417
2020-01-05,8.120606862939882,2218.079533197294,41.860242894724855,75.09353747523417
2020-01-06,8.105786867423015,2214.343211252308,41.860242894724855,75.09353747523417
2020-01-07,8.090966871906149,2210.6068893073216,41.860242894724855,75.09353747523417
2020-01-08,8.076146876389283,2206.8705673623354,41.860242894724855,75.09353747523417
2020-01-09,8.061326880872416,2203.134245417349,41.860242894724855,75.09353747523417
2020-01-10,8.04650688535555,2199.397923472363,41.860242894724855,75.09353747523417
2020-01-11,8.031686889838683,2195.6616015273767,41.860242894724855,75.09353747523417
2020-01-12,8.016866894321817,2191.9252795823904,41.860242894724855,75.09353747523417
2020-01-13,8.00204689880495,2188.188957637404,41.860242894724855,75.09353747523417
2020-01-14,7.987226903288084,2184.452635692418,41.860242894724855,75.09353747523417
2020-01-15,7.972406907771218,2180.7163137474317,41.860242894724855,75.09353747523417
2020-01-16,7.957586912254351,2176.9799918024455,41.860242894724855,75.09353747523417
2020-01-17,7.942766916737485,2173.2436698574593,41.860242894724855,75.09353747523417
2020-01-18,7.927946921220618,2169.507347912473,41.860242894724855,75.09353747523417
2020-01-19,7.913126925703752,2165.771025967487,41.860242894724855,75.09353747523417
2020-01-20,7.898306930186886,2162.0347040225006,41.860242894724855,75.09353747523417
2020-01-21,7.883486934670019,2158.2983820775144,41.860242894724855,75.09353747523417
2020-01-22,7.868666939153153,2154.562060132528,41.860242894724855,75.09353747523417
2020-01-23,7.853846943636286,2150.825738187542,41.860242894724855,75.09353747523417
2020-01-24,7.83902694811942,2147.0894162425557,41.860242894724855,75.09353747523417
2020-01-25,7.8242069526025535,2143.3530942975694,41.860242894724855,75.09353747523417
2020-01-26,7.809386957085687,2139.616772352583,41.860242894724855,75.09353747523417
2020-01-27,7.794566961568821,2135.880450407597,41.860242894724855,75.09353747523417
2020-01-28,7.779746966051954,2132.1441284626108,41.860242894724855,75.09353747523417
2020-01-29,7.764926970535088,2128.4078065176245,41.860242894724855,75.09353747523417
2020-01-30,7.750106975018221,2124.6714845726383,41.860242894724855,75.09353747523417
2020-01-31,7.735286979501355,2120.935162627652,41.860242894724855,75.09353747523417
2020-02-01,7.720466983984489,2117.198840682666,41.860242894724855,75.09353747523417
2020-02-02,7.705646988467622,2113.4625187376796,41.860242894724855,75.09353747523417
2020-02-03,7.690826992950756,2109.7261967926934,41.860242894724855,75.09353747523417
2020-02-04,7.676006997433889,2105.989874847707,41.860242894724855,75.09353747523417
2020-02-05,7.661187001917023,2102.253552902721,41.860242894724855,75.09353747523417
2020-02-06,7.6463670064001565,2098.5172309577347,41.860242894724855,75.09353747523417
2020-02-07,7.63154701088329,2094.7809090127485,41.860242894724855,75.09353747523417
2020-02-08,7.616727015366424,2091.044587067762,41.860242894724855,75.09353747523417
2020-02-09,7.601907019849557,2087.308265122776,41.860242894724855,75.09353747523417
2020-02-10,7.587087024332691,2083.5719431777898,41.860242894724855,75.09353747523417
2020-02-11,7.5722670288158245,2079.8356212328035,41.860242894724855,75.09353747523417
2020-02-12,7.557447033298958,2076.0992992878173,41.860242894724855,75.09353747523417
2020-02-13,7.542627037782092,2072.362977342831,41.860242894724855,75.09353747523417
2020-02-14,7.527807042265225,2068.626655397845,41.860242894724855,75.09353747523417
2020-02-15,7.512987046748359,2064.8903334528586,41.860242894724855,75.09353747523417
2020-02-16,7.498167051231492,2061.1540115078724,41.860242894724855,75.09353747523417
2020-02-17,7.483347055714626,2057.417689562886,41.860242894724855,75.09353747523417
2020-02-18,7.46852706019776,2053.6813676179,41.860242894724855,75.09353747523417
2020-02-19,7.453707064680893,2049.9450456729137,41.860242894724855,75.09353747523417
2020-02-20,7.438887069164027,2046.2087237279275,41.860242894724855,75.09353747523417
2020-02-21,7.42406707364716,2042.4724017829412,41.860242894724855,75.09353747523417
2020-02-22,7.409247078130294,2038.736079837955,41.860242894724855,75.09353747523417
2020-02-23,7.3944270826134275,2034.9997578929688,41.860242894724855,75.09353747523417
2020-02-24,7.379607087096561,2031.2634359479825,41.860242894724855,75.09353747523417
2020-02-25,7.364787091579695,2027.5271140029963,41.860242894724855,75.09353747523417
2020-02-26,7.349967096062828,2023.79079205801,41.860242894724855,75.09353747523417
2020-02-27,7.335147100545962,2020.0544701130239,41.860242894724855,75.09353747523417
2020-02-28,7.3203271050290954,2016.3181481680376,41.860242894724855,75.09353747523417
2020-02-29,7.305507109512229,2012.5818262230514,41.860242894724855,75.09353747523417
2020-03-01,7.290687113995363,2008.8455042780652,41.860242894724855,75.09353747523417
2020-03-02,7.275867118478496,2005.109182333079,41.860242894724855,75.09353747523417
2020-03-03,7.26104712296163,2001.3728603880927,41.860242894724855,75.09353747523417
2020-03-04,7.246227127444763,1997.6365384431065,41.860242894724855,75.09353747523417
2020-03-05,7.231407131927897,1993.9002164981202,41.860242894724855,75.09353747523417
2020-03-06,7.216587136411031,1990.163894553134,41.860242894724855,75.09353747523417
2020-03-07,7.201767140894164,1986.4275726081478,41.860242894724855,75.09353747523417
2020-03-08,7.186947145377298,1982.6912506631616,41.860242894724855,75.09353747523417
2020-03-09,7.172127149860431,1978.9549287181753,41.860242894724855,75.09353747523417
2020-03-10,7.157307154343565,1975.218606773189,41.860242894724855,75.09353747523417
2020-03-11,7.1424871588266985,1971.4822848282029,41.860242894724855,75.09353747523417
2020-03-12,7.127667163309832,1967.7459628832166,41.860242894724855,75.09353747523417
2020-03-13,7.112847167792966,1964.0096409382304,41.860242894724855,75.09353747523417
2020-03-14,7.098027172276099,1960.2733189932442,41.860242894724855,75.09353747523417
2020-03-15,7.083207176759233,1956.536997048258,41.860242894724855,75.09353747523417
2020-03-16,7.068387181242366,1952.8006751032717,41.860242894724855,75.09353747523417
2020-03-17,7.0535671857255,1949.0643531582855,41.860242894724855,75.09353747523417
2020-03-18,7.038747190208634,1945.3280312132993,41.860242894724855,75.09353747523417
2020-03-19,7.023927194691767,1941.591709268313,41.860242894724855,75.09353747523417
2020-03-20,7.009107199174901,1937.8553873233268,41.860242894724855,75.09353747523417
2020-03-21,6.994287203658034,1934.1190653783406,41.860242894724855,75.09353747523417
2020-03-22,6.979467208141168,1930.3827434333543,41.860242894724855,75.09353747523417
2020-03-23,6.9646472126243015,1926.646421488368,41.860242894724855,75.09353747523417
2020-03-24,6.949827217107435,1922.9100995433819,41.860242894724855,75.09353747523417
2020-03-25,6.935007221590569,1919.1737775983956,41.860242894724855,75.09353747523417
2020-03-26,6.920187226073702,1915.4374556534094,41.860242894724855,75.09353747523417
2020-03-27,6.905367230556836,1911.7011337084232,41.860242894724855,75.09353747523417
2020-03-28,6.8905472350399695,1907.964811763437,41.860242894724855,75.09353747523417
2020-03-29,6.875727239523103,1904.2284898184507,41.860242894724855,75.09353747523417
2020-03-30,6.860907244006237,1900.4921678734645,41.860242894724855,75.09353747523417
2020-03-31,6.84608724848937,1896.7558459284783,41.860242894724855,75.09353747523417
2020-04-01,6.831267252972504,1893.019523983492,41.860242894724855,75.09353747523417
2020-04-02,6.816447257455637,1889.2832020385058,41.860242894724855,75.09353747523417
2020-04-03,6.801627261938771,1885.5468800935196,41.860242894724855,75.09353747523417
2020-04-04,6.786807266421905,1881.8105581485333,41.860242894724855,75.09353747523417
2020-04-05,6.771987270905038,1878.0742362035471,41.860242894724855,75.09353747523417
2020-04-06,6.757167275388172,1874.3379142585609,41.860242894724855,75.09353747523417
2020-04-07,6.742347279871305,1870.6015923135747,41.860242894724855,75.09353747523417
2020-04-08,6.727527284354439,1866.8652703685884,41.860242894724855,75.09353747523417
2020-04-09,6.7127072888375725,1863.1289484236022,41.860242894724855,75.09353747523417
2020-04-10,6.697887293320706,1859.392626478616,41.860242894724855,75.09353747523417
2020-04-11,6.68306729780384,1855.6563045336297,41.860242894724855,75.09353747523417
2020-04-12,6.668247302286973,1851.9199825886435,41.860242894724855,75.09353747523417
2020-04-13,6.653427306770107,1848.1836606436573,41.860242894724855,75.09353747523417
2020-04-14,6.63860731125324,1844.447338698671,41.860242894724855,75.09353747523417
2020-04-15,6.623787315736374,1840.7110167536848,41.860242894724855,75.09353747523417
2020-04-16,6.608967320219508,1836.9746948086986,41.860242894724855,75.09353747523417
2020-04-17,6.594147324702641,1833.2383728637124,41.860242894724855,75.09353747523417
2020-04-18,6.579327329185775,1829.5020509187261,41.860242894724855,75.09353747523417
2020-04-19,6.564507333668908,1825.76572897374,41.860242894724855,75.09353747523417
2020-04-20,6.549687338152042,1822.0294070287537,41.860242894724855,75.09353747523417
2020-04-21,6.5348673426351755,1818.2930850837674,41.860242894724855,75.09353747523417
2020-04-22,6.520047347118309,1814.5567631387812,41.860242894724855,75.09353747523417
2020-04-23,6.505227351601443,1810.820441193795,41.860242894724855,75.09353747523417
2020-04-24,6.490407356084576,1807.0841192488087,41.860242894724855,75.09353747523417
2020-04-25,6.47558736056771,1803.3477973038225,41.860242894724855,75.09353747523417
2020-04-26,6.4607673650508435,1799.6114753588363,41.860242894724855,75.09353747523417
2020-04-27,6.445947369533977,1795.87515341385,41.860242894724855,75.09353747523417
2020-04-28,6.431127374017111,1792.1388314688638,41.860242894724855,75.09353747523417
2020-04-29,6.416307378500244,1788.4025095238776,41.860242894724855,75.09353747523417
2020-04-30,6.401487382983378,1784.6661875788914,41.860242894724855,75.09353747523417
2020-05-01,6.386667387466511,1780.9298656339051,41.860242894724855,75.09353747523417
2020-05-02,6.371847391949645,1777.193543688919,41.860242894724855,75.09353747523417
2020-05-03,6.357027396432779,1773.4572217439327,41.860242894724855,75.09353747523417
2020-05-04,6.342207400915912,1769.7208997989464,41.860242894724855,75.09353747523417
2020-05-05,6.327387405399046,1765.9845778539602,41.860242894724855,75.09353747523417
2020-05-06,6.312567409882179,1762.248255908974,41.860242894724855,75.09353747523417
2020-05-07,6.297747414365313,1758.5119339639878,41.860242894724855,75.09353747523417
2020-05-08,6.2829274188484465,1754.7756120190015,41.860242894724855,75.09353747523417
2020-05-09,6.26810742333158,1751.0392900740153,41.860242894724855,75.09353747523417
2020-05-10,6.253287427814714,1747.302968129029,41.860242894724855,75.09353747523417
2020-05-11,6.238467432297847,1743.5666461840428,41.860242894724855,75.09353747523417
2020-05-12,6.223647436780981,1739.8303242390566,41.860242894724855,75.09353747523417
2020-05-13,6.2088274412641145,1736.0940022940704,41.860242894724855,75.09353747523417
2020-05-14,6.194007445747248,1732.3576803490841,41.860242894724855,75.09353747523417
2020-05-15,6.179187450230382,1728.621358404098,41.860242894724855,75.09353747523417
2020-05-16,6.164367454713515,1724.8850364591117,41.860242894724855,75.09353747523417
2020-05-17,6.149547459196649,1721.1487145141255,41.860242894724855,75.09353747523417
2020-05-18,6.134727463679782,1717.4123925691392,41.860242894724855,75.09353747523417
2020-05-19,6.119907468162916,1713.676070624153,41.860242894724855,75.09353747523417
2020-05-20,6.10508747264605,1709.9397486791668,41.860242894724855,75.09353747523417
2020-05-21,6.090267477129183,1706.2034267341805,41.860242894724855,75.09353747523417
2020-05-22,6.075447481612317,1702.4671047891943,41.860242894724855,75.09353747523417
2020-05-23,6.06062748609545,1698.730782844208,41.860242894724855,75.09353747523417
2020-05-24,6.045807490578584,1694.9944608992218,41.860242894724855,75.09353747523417
2020-05-25,6.0309874950617175,1691.2581389542356,41.860242894724855,75.09353747523417
2020-05-26,6.016167499544851,1687.5218170092494,41.860242894724855,75.09353747523417
2020-05-27,6.001347504027985,1683.7854950642632,41.860242894724855,75.09353747523417
2020-05-28,5.986527508511118,1680.049173119277,41.860242894724855,75.09353747523417
2020-05-29,5.971707512994252,1676.3128511742907,41.860242894724855,75.09353747523417
2020-05-30,5.956887517477385,1672.5765292293045,41.860242894724855,75.09353747523417
2020-05-31,5.942067521960519,1668.8402072843182,41.860242894724855,75.09353747523417
2020-06-01,5.927247526443653,1665.103885339332,41.860242894724855,75.09353747523417
2020-06-02,5.912427530926786,1661.3675633943458,41.860242894724855,75.09353747523417
2020-06-03,5.89760753540992,1657.6312414493595,41.860242894724855,75.09353747523417
2020-06-04,5.882787539893053,1653.8949195043733,41.860242894724855,75.09353747523417
2020-06-05,5.867967544376187,1650.158597559387,41.860242894724855,75.09353747523417
2020-06-06,5.8531475488593205,1646.4222756144009,41.860242894724855,75.09353747523417
2020-06-07,5.838327553342454,1642.6859536694146,41.860242894724855,75.09353747523417
2020-06-08,5.823507557825588,1638.9496317244284,41.860242894724855,75.09353747523417
2020-06-09,5.808687562308721,1635.2133097794422,41.860242894724855,75.09353747523417
2020-06-10,5.793867566791855,1631.476987834456,41.860242894724855,75.09353747523417
2020-06-11,5.7790475712749885,1627.7406658894697,41.860242894724855,75.09353747523417
2020-06-12,5.764227575758122,1624.0043439444835,41.860242894724855,75.09353747523417
2020-06-13,5.749407580241256,1620.2680219994973,41.860242894724855,75.09353747523417
2020-06-14,5.734587584724389,1616.531700054511,41.860242894724855,75.09353747523417
2020-06-15,5.719767589207523,1612.7953781095248,41.860242894724855,75.09353747523417
2020-06-16,5.704947593690656,1609.0590561645386,41.860242894724855,75.09353747523417
2020-06-17,5.69012759817379,1605.3227342195523,41.860242894724855,75.09353747523417
2020-06-18,5.675307602656924,1601.586412274566,41.860242894724855,75.09353747523417
2020-06-19,5.660487607140057,1597.8500903295799,41.860242894724855,75.09353747523417
2020-06-20,5.645667611623191,1594.1137683845936,41.860242894724855,75.09353747523417
2020-06-21,5.630847616106324,1590.3774464396074,41.860242894724855,75.09353747523417
2020-06-22,5.616027620589458,1586.6411244946212,41.860242894724855,75.09353747523417
2020-06-23,5.6012076250725915,1582.904802549635,41.860242894724855,75.09353747523417
2020-06-24,5.586387629555725,1579.1684806046487,41.860242894724855,75.09353747523417
2020-06-25,5.571567634038859,1575.4321586596625,41.860242894724855,75.09353747523417
2020-06-26,5.556747638521992,1571.6958367146763,41.860242894724855,75.09353747523417
2020-06-27,5.541927643005126,1567.95951476969,41.860242894724855,75.09353747523417
2020-06-28,5.5271076474882594,1564.2231928247038,41.860242894724855,75.09353747523417
2020-06-29,5.512287651971393,1560.4868708797176,41.860242894724855,75.09353747523417
2020-06-30,5.497467656454527,1556.7505489347313,41.860242894724855,75.09353747523417
2020-07-01,5.48264766093766,1553.014226989745,41.860242894724855,75.09353747523417
2020-07-02,5.467827665420794,1549.2779050447589,41.860242894724855,75.09353747523417
2020-07-03,5.453007669903927,1545.5415830997727,41.860242894724855,75.09353747523417
2020-07-04,5.438187674387061,1541.8052611547864,41.860242894724855,75.09353747523417
2020-07-05,5.4233676788701946,1538.0689392098002,41.860242894724855,75.09353747523417
2020-07-06,5.408547683353328,1534.332617264814,41.860242894724855,75.09353747523417
2020-07-07,5.393727687836462,1530.5962953198277,41.860242894724855,75.09353747523417
2020-07-08,5.378907692319595,1526.8599733748415,41.860242894724855,75.09353747523417
2020-07-09,5.364087696802729,1523.1236514298553,41.860242894724855,75.09353747523417
2020-07-10,5.3492677012858625,1519.387329484869,41.860242894724855,75.09353747523417
2020-07-11,5.334447705768996,1515.6510075398828,41.860242894724855,75.09353747523417
2020-07-12,5.31962771025213,1511.9146855948966,41.860242894724855,75.09353747523417
2020-07-13,5.304807714735263,1508.1783636499104,41.860242894724855,75.09353747523417
2020-07-14,5.289987719218397,1504.4420417049241,41.860242894724855,75.09353747523417
2020-07-15,5.27516772370153,1500.705719759938,41.860242894724855,75.09353747523417
2020-07-16,5.260347728184664,1496.9693978149517,41.860242894724855,75.09353747523417
2020-07-17,5.245527732667798,1493.2330758699654,41.860242894724855,75.09353747523417
2020-07-18,5.230707737150931,1489.4967539249792,41.860242894724855,75.09353747523417
2020-07-19,5.215887741634065,1485.760431979993,41.860242894724855,75.09353747523417
2020-07-20,5.201067746117198,1482.0241100350067,41.860242894724855,75.09353747523417
2020-07-21,5.186247750600332,1478.2877880900205,41.860242894724855,75.09353747523417
2020-07-22,5.1714277550834655,1474.5514661450343,41.860242894724855,75.09353747523417
2020-07-23,5.156607759566599,1470.815144200048,41.860242894724855,75.09353747523417
2020-07-24,5.141787764049733,1467.0788222550618,41.860242894724855,75.09353747523417
2020-07-25,5.126967768532866,1463.3425003100756,41.860242894724855,75.09353747523417
2020-07-26,5.112147773016,1459.6061783650894,41.860242894724855,75.09353747523417
2020-07-27,5.0973277774991335,1455.8698564201031,41.860242894724855,75.09353747523417
2020-07-28,5.082507781982267,1452.133534475117,41.860242894724855,75.09353747523417
2020-07-29,5.067687786465401,1448.3972125301307,41.860242894724855,75.09353747523417
2020-07-30,5.052867790948534,1444.6608905851444,41.860242894724855,75.09353747523417
2020-07-31,5.038047795431668,1440.9245686401582,41.860242894724855,75.09353747523417
2020-08-01,5.023227799914801,1437.188246695172,41.860242894724855,75.09353747523417
2020-08-02,5.008407804397935,1433.4519247501858,41.860242894724855,75.09353747523417
2020-08-03,4.993587808881069,1429.7156028051995,41.860242894724855,75.09353747523417
2020-08-04,4.978767813364202,1425.9792808602133,41.860242894724855,75.09353747523417
2020-08-05,4.963947817847336,1422.242958915227,41.860242894724855,75.09353747523417
2020-08-06,4.949127822330469,1418.5066369702408,41.860242894724855,75.09353747523417
2020-08-07,4.934307826813603,1414.7703150252546,41.860242894724855,75.09353747523417
2020-08-08,4.9194878312967365,1411.0339930802684,41.860242894724855,75.09353747523417
2020-08-09,4.90466783577987,1407.2976711352821,41.860242894724855,75.09353747523417
2020-08-10,4.889847840263004,1403.561349190296,41.860242894724855,75.09353747523417
2020-08-11,4.875027844746137,1399.8250272453097,41.860242894724855,75.09353747523417
2020-08-12,4.860207849229271,1396.0887053003235,41.860242894724855,75.09353747523417
2020-08-13,4.845387853712404,1392.3523833553372,41.860242894724855,75.09353747523417
2020-08-14,4.830567858195538,1388.616061410351,41.860242894724855,75.09353747523417
2020-08-15,4.815747862678672,1384.8797394653648,41.860242894724855,75.09353747523417
2020-08-16,4.800927867161805,1381.1434175203785,41.860242894724855,75.09353747523417
2020-08-17,4.786107871644939,1377.4070955753923,41.860242894724855,75.09353747523417
2020-08-18,4.771287876128072,1373.670773630406,41.860242894724855,75.09353747523417
2020-08-19,4.756467880611206,1369.9344516854198,41.860242894724855,75.09353747523417
2020-08-20,4.7416478850943395,1366.1981297404336,41.860242894724855,75.09353747523417
2020-08-21,4.726827889577473,1362.4618077954474,41.860242894724855,75.09353747523417
2020-08-22,4.712007894060607,1358.7254858504612,41.860242894724855,75.09353747523417
2020-08-23,4.69718789854374,1354.989163905475,41.860242894724855,75.09353747523417
2020-08-24,4.682367903026874,1351.2528419604887,41.860242894724855,75.09353747523417
2020-08-25,4.6675479075100075,1347.5165200155025,41.860242894724855,75.09353747523417
2020-08-26,4.652727911993141,1343.7801980705162,41.860242894724855,75.09353747523417
2020-08-27,4.637907916476275,1340.04387612553,41.860242894724855,75.09353747523417
2020-08-28,4.623087920959408,1336.3075541805438,41.860242894724855,75.09353747523417
2020-08-29,4.608267925442542,1332.5712322355575,41.860242894724855,75.09353747523417
2020-08-30,4.593447929925675,1328.8349102905713,41.860242894724855,75.09353747523417
2020-08-31,4.578627934408809,1325.098588345585,41.860242894724855,75.09353747523417
2020-09-01,4.563807938891943,1321.3622664005989,41.860242894724855,75.09353747523417
2020-09-02,4.548987943375076,1317.6259444556126,41.860242894724855,75.09353747523417
2020-09-03,4.53416794785821,1313.8896225106264,41.860242894724855,75.09353747523417
2020-09-04,4.519347952341343,1310.1533005656402,41.860242894724855,75.09353747523417
2020-09-05,4.504527956824477,1306.416978620654,41.860242894724855,75.09353747523417
2020-09-06,4.4897079613076105,1302.6806566756677,41.860242894724855,75.09353747523417
2020-09-07,4.474887965790744,1298.9443347306815,41.860242894724855,75.09353747523417
2020-09-08,4.460067970273878,1295.2080127856952,41.860242894724855,75.09353747523417
2020-09-09,4.445247974757011,1291.471690840709,41.860242894724855,75.09353747523417
2020-09-10,4.430427979240145,1287.7353688957228,41.860242894724855,75.09353747523417
2020-09-11,4.4156079837232785,1283.9990469507366,41.860242894724855,75.09353747523417
2020-09-12,4.400787988206412,1280.2627250057503,41.860242894724855,75.09353747523417
2020-09-13,4.385967992689546,1276.526403060764,41.860242894724855,75.09353747523417
2020-09-14,4.371147997172679,1272.7900811157779,41.860242894724855,75.09353747523417
2020-09-15,4.356328001655813,1269.0537591707916,41.860242894724855,75.09353747523417
2020-09-16,4.341508006138946,1265.3174372258054,41.860242894724855,75.09353747523417
2020-09-17,4.32668801062208,1261.5811152808192,41.860242894724855,75.09353747523417
2020-09-18,4.311868015105214,1257.844793335833,41.860242894724855,75.09353747523417
2020-09-19,4.297048019588347,1254.1084713908467,41.860242894724855,75.09353747523417
2020-09-20,4.282228024071481,1250.3721494458605,41.860242894724855,75.09353747523417
2020-09-21,4.267408028554614,1246.6358275008743,41.860242894724855,75.09353747523417
2020-09-22,4.252588033037748,1242.899505555888,41.860242894724855,75.09353747523417
2020-09-23,4.2377680375208815,1239.1631836109018,41.860242894724855,75.09353747523417
2020-09-24,4.222948042004015,1235.4268616659156,41.860242894724855,75.09353747523417
2020-09-25,4.208128046487149,1231.6905397209293,41.860242894724855,75.09353747523417
2020-09-26,4.193308050970282,1227.954217775943,41.860242894724855,75.09353747523417
2020-09-27,4.178488055453416,1224.2178958309569,41.860242894724855,75.09353747523417
2020-09-28,4.163668059936549,1220.4815738859706,41.860242894724855,75.09353747523417
2020-09-29,4.148848064419683,1216.7452519409844,41.860242894724855,75.09353747523417
2020-09-30,4.134028068902817,1213.0089299959982,41.860242894724855,75.09353747523417
2020-10-01,4.11920807338595,1209.272608051012,41.860242894724855,75.09353747523417
2020-10-02,4.104388077869084,1205.5362861060257,41.860242894724855,75.09353747523417
2020-10-03,4.089568082352217,1201.7999641610395,41.860242894724855,75.09353747523417
2020-10-04,4.074748086835351,1198.0636422160533,41.860242894724855,75.09353747523417
2020-10-05,4.0599280913184845,1194.327320271067,41.860242894724855,75.09353747523417
2020-10-06,4.045108095801618,1190.5909983260808,41.860242894724855,75.09353747523417
2020-10-07,4.030288100284752,1186.8546763810946,41.860242894724855,75.09353747523417
2020-10-08,4.015468104767885,1183.1183544361083,41.860242894724855,75.09353747523417
2020-10-09,4.000648109251019,1179.3820324911221,41.860242894724855,75.09353747523417
2020-10-10,3.9858281137341525,1175.645710546136,41.860242894724855,75.09353747523417
2020-10-11,3.971008118217286,1171.9093886011497,41.860242894724855,75.09353747523417
2020-10-12,3.9561881227004196,1168.1730666561634,41.860242894724855,75.09353747523417
2020-10-13,3.9413681271835532,1164.4367447111772,41.860242894724855,75.09353747523417
2020-10-14,3.926548131666687,1160.700422766191,41.860242894724855,75.09353747523417
2020-10-15,3.9117281361498204,1156.9641008212047,41.860242894724855,75.09353747523417
2020-10-16,3.896908140632954,1153.2277788762185,41.860242894724855,75.09353747523417
2020-10-17,3.8820881451160876,1149.4914569312323,41.860242894724855,75.09353747523417
2020-10-18,3.867268149599221,1145.755134986246,41.860242894724855,75.09353747523417
2020-10-19,3.8524481540823547,1142.0188130412598,41.860242894724855,75.09353747523417
2020-10-20,3.8376281585654883,1138.2824910962736,41.860242894724855,75.09353747523417
2020-10-21,3.822808163048622,1134.5461691512874,41.860242894724855,75.09353747523417
2020-10-22,3.8079881675317555,1130.8098472063011,41.860242894724855,75.09353747523417
2020-10-23,3.793168172014889,1127.073525261315,41.860242894724855,75.09353747523417
2020-10-24,3.7783481764980227,1123.3372033163287,41.860242894724855,75.09353747523417
2020-10-25,3.7635281809811563,1119.6008813713424,41.860242894724855,75.09353747523417
2020-10-26,3.74870818546429,1115.8645594263562,41.860242894724855,75.09353747523417
2020-10-27,3.7338881899474234,1112.12823748137,41.860242894724855,75.09353747523417
2020-10-28,3.719068194430557,1108.3919155363837,41.860242894724855,75.09353747523417
2020-10-29,3.7042481989136906,1104.6555935913975,41.860242894724855,75.09353747523417
2020-10-30,3.689428203396824,1100.9192716464113,41.860242894724855,75.09353747523417
2020-10-31,3.674608207879958,1097.182949701425,41.860242894724855,75.09353747523417
2020-11-01,3.6597882123630914,1093.4466277564388,41.860242894724855,75.09353747523417
2020-11-02,3.644968216846225,1089.7103058114526,41.860242894724855,75.09353747523417
2020-11-03,3.6301482213293585,1085.9739838664664,41.860242894724855,75.09353747523417
2020-11-04,3.615328225812492,1082.2376619214801,41.860242894724855,75.09353747523417
2020-11-05,3.6005082302956257,1078.501339976494,41.860242894724855,75.09353747523417
2020-11-06,3.5856882347787593,1074.7650180315077,41.860242894724855,75.09353747523417
2020-11-07,3.570868239261893,1071.0286960865214,41.860242894724855,75.09353747523417
2020-11-08,3.5560482437450265,1067.2923741415352,41.860242894724855,75.09353747523417
2020-11-09,3.54122824822816,1063.556052196549,41.860242894724855,75.09353747523417
2020-11-10,3.5264082527112937,1059.8197302515628,41.860242894724855,75.09353747523417
2020-11-11,3.5115882571944272,1056.0834083065765,41.860242894724855,75.09353747523417
2020-11-12,3.496768261677561,1052.3470863615903,41.860242894724855,75.09353747523417
2020-11-13,3.4819482661606944,1048.610764416604,41.860242894724855,75.09353747523417
2020-11-14,3.467128270643828,1044.8744424716178,41.860242894724855,75.09353747523417
2020-11-15,3.4523082751269616,1041.1381205266316,41.860242894724855,75.09353747523417
2020-11-16,3.437488279610095,1037.4017985816454,41.860242894724855,75.09353747523417
2020-11-17,3.4226682840932288,1033.6654766366592,41.860242894724855,75.09353747523417
2020-11-18,3.4078482885763623,1029.929154691673,41.860242894724855,75.09353747523417
2020-11-19,3.393028293059496,1026.1928327466867,41.860242894724855,75.09353747523417
2020-11-20,3.3782082975426295,1022.4565108017003,41.860242894724855,75.09353747523417
2020-11-21,3.363388302025763,1018.720188856714,41.860242894724855,75.09353747523417
2020-11-22,3.3485683065088967,1014.9838669117277,41.860242894724855,75.09353747523417
2020-11-23,3.3337483109920303,1011.2475449667413,41.860242894724855,75.09353747523417
2020-11-24,3.318928315475164,1007.511223021755,41.860242894724855,75.09353747523417
2020-11-25,3.3041083199582975,1003.7749010767686,41.860242894724855,75.09353747523417
2020-11-26,3.289288324441431,1000.0385791317823,41.860242894724855,75.09353747523417
2020-11-27,3.2744683289245646,996.3022571867959,41.860242894724855,75.09353747523417
2020-11-28,3.259648333407698,992.5659352418096,41.860242894724855,75.09353747523417
2020-11-29,3.244828337890832,988.8296132968233,41.860242894724855,75.09353747523417
2020-11-30,3.2300083423739654,985.0932913518369,41.860242894724855,75.09353747523417
2020-12-01,3.215188346857099,981.3569694068506,41.860242894724855,75.09353747523417
2020-12-02,3.2003683513402326,977.6206474618642,41.860242894724855,75.09353747523417
2020-12-03,3.185548355823366,973.8843255168779,41.860242894724855,75.09353747523417
2020-12-04,3.1707283603064997,970.1480035718915,41.860242894724855,75.09353747523417
2020-12-05,3.1559083647896333,966.4116816269052,41.860242894724855,75.09353747523417
2020-12-06,3.141088369272767,962.6753596819188,41.860242894724855,75.09353747523417
2020-12-07,3.1262683737559005,958.9390377369325,41.860242894724855,75.09353747523417
2020-12-08,3.111448378239034,955.2027157919462,41.860242894724855,75.09353747523417
2020-12-09,3.0966283827221677,951.4663938469598,41.860242894724855,75.09353747523417
2020-12-10,3.0818083872053013,947.7300719019735,41.860242894724855,75.09353747523417
2020-12-11,3.066988391688435,943.9937499569871,41.860242894724855,75.09353747523417
2020-12-12,3.0521683961715684,940.2574280120008,41.860242894724855,75.09353747523417
2020-12-13,3.037348400654702,936.5211060670144,41.860242894724855,75.09353747523417
2020-12-14,3.0225284051378356,932.7847841220281,41.860242894724855,75.09353747523417
2020-12-15,3.007708409620969,929.0484621770418,41.860242894724855,75.09353747523417
2020-12-16,2.992888414104103,925.3121402320554,41.860242894724855,75.09353747523417
2020-12-17,2.9780684185872364,921.5758182870691,41.860242894724855,75.09353747523417
2020-12-18,2.96324842307037,917.8394963420827,41.860242894724855,75.09353747523417
2020-12-19,2.9484284275535035,914.1031743970964,41.860242894724855,75.09353747523417
2020-12-20,2.933608432036637,910.36685245211,41.860242894724855,75.09353747523417
2020-12-21,2.9187884365197707,906.6305305071237,41.860242894724855,75.09353747523417
2020-12-22,2.9039684410029043,902.8942085621374,41.860242894724855,75.09353747523417
2020-12-23,2.889148445486038,899.157886617151,41.860242894724855,75.09353747523417
2020-12-24,2.8743284499691715,895.4215646721647,41.860242894724855,75.09353747523417
2020-12-25,2.859508454452305,891.6852427271783,41.860242894724855,75.09353747523417
2020-12-26,2.8446884589354386,887.948920782192,41.860242894724855,75.09353747523417
2020-12-27,2.8298684634185722,884.2125988372056,41.860242894724855,75.09353747523417
2020-12-28,2.815048467901706,880.4762768922193,41.860242894724855,75.09353747523417
2020-12-29,2.8002284723848394,876.739954947233,41.860242894724855,75.09353747523417
2020-12-30,2.785408476867973,873.0036330022466,41.860242894724855,75.09353747523417
